Probes Name,Sequences
HEX_E11_WT_F4,CGTATATCc
HEX_E11_WT_F5,CGTATATCct
HEX_E11_WT_F6,GTATATCcta
HEX_E11_WT_F7,GTATATCctat
HEX_E11_WT_F8,ATATCctatG
HEX_E11_mut_F10,CGTATATCt
HEX_E11_mut_F11,CGTATATCta
HEX_E11_mut_F12,CGTATATCtat
HEX_E11_mut_F13,GTATATCtatc
HEX_E11_mut_F14,ATATCtatcC
HEX_E11_mut_F15,ATCtatcCT
HEX_E11_mut_F16,ATCtatcCTA
HEX_E11_mut_F17,TCtatcCTAT
HEX_E11_mut_F18,CtatcCTATG
HEX_E11_WT_RC5,CATAGGATAt
HEX_E11_WT_RC6,CATAGGATAta
HEX_E11_WT_RC7,TAGGATAtac
HEX_E11_WT_RC8,GGATAtacg
HEX_E11_mut_RC6,CATAGGATAg
HEX_E11_mut_RC7,ATAGGATAga
HEX_E11_mut_RC8,AGGATAgat
HEX_E11_mut_RC9,AGGATAgata
HEX_E11_mut_RC10,GGATAgatat
HEX_E11_mut_RC11,GGATAgatata
HEX_E11_mut_RC12,GATAgatataC
HEX_E11_mut_RC13,AgatataCG
IKB_WT_RC_1,TACAATGGCa
IKB_WT_RC_2,CAATGGCaC
IKB_WT_RC_4,AATGGCaCTT
IKB_WT_RC_1s,CAATGGCa
IKB_WT_RC_2s,AATGGCaC
IKB_WT_RC_4s,TGGCaCTT
IKB_mut_RC_1s,CAATGGCg
IKB_mut_RC_2,AATGGCgC
IKB_mut_RC_3,ATGGCgCT
IKB_mut_RC_1,ACAATGGCg
IKB_mut_F_3,AGTAAGcGC
IKB_WT_F_1s,CAAGTAAGt
IKB_mut_F_1s,CAAGTAAGc
IKB_mut_F_3s,GTAAGcGC
IKB_WT_F_2s,AAGTAAGtG
BLM_WT_RC_1,TATCACCTGt
BLM_WT_RC_2,ATCACCTGtc
BLM_WT_RC_3,CCTGtcagat
BLM_WT_RC_4,CCTGtcag
BLM_WT_RC_5,CTGtcaga
BLM_WT_RC_6,TGtcagatA
BLM_mut_RC_1,ATCACCTGg
BLM_mut_RC_2,CACCTGgaa
BLM_mut_RC_3,ACCTGgaatc
BLM_mut_RC_4,CACCTGga
BLM_mut_RC_5,CCTGgaat
BLM_mut_RC_6,GgaatctaAT
BLM_mut_RC_7,gaatctaATG
BLM_WT_F_1,GCTACATatc
BLM_WT_F_2,TACATatctg
BLM_WT_F_3,ACATatctga
BLM_WT_F_4,TatctgaCA
BLM_WT_F_5,ctgaCAGG
BLM_mut_F_1,GCTACATtaga
BLM_mut_F_3,CTACATtagat
BLM_mut_F5,CAGCTACATt
BLM_mut_F6,AGCTACATta
BLM_mut_F6s,GCTACATta
BLM_mut_F7,GCTACATtag
BLM_mut_F8,ACATtagatt
BLM_mut_F9,CATtagattc
BLM_mut_F10,ATtagattcC
BLM_mut_F4s,attcCAGG
CLR_WT_RC_2,CTGAGGCaT
CLR_WT_RC_3,CTGAGGCaTT
CLR_WT_RC_4,TGAGGCaTTG
CLR_WT_RC_2s,TGAGGCaT
CLR_WT_RC_3s,GAGGCaTT
CLR_WT_RC_4s,AGGCaTTG
CLR_mut_RC_1,CCTGAGGCc
CLR_mut_RC_2,CTGAGGCcT
CLR_mut_RC_3,TGAGGCcTT
CLR_mut_RC_4,TGAGGCcTT
CLR_mut_RC_5,GGCcTTGA
CLR_mut_RC_6,GCcTTGAC
CLR_WT_F_2,CTCGTCAAtG
CLR_WT_F_3,TCGTCAAtGC
CLR_WT_F_4,GTCAAtGCC
CLR_WT_F_2s,CGTCAAtG
CLR_WT_F_3s,GTCAAtGC
CLR_mut_F_2,CTCGTCAAgG
CLR_mut_F_3,CGTCAAgGC
CLR_mut_F_4,GTCAAgGCC
CLR_mut_F_2s,CGTCAAgG
CLR_mut_F_3s,GTCAAgGC
CLR_mut_F_4s,TCAAgGCC
G6P_WT_F_3,ACAGcGTC
G6P_WT_F_1s,GGACAGc
G6P_WT_F_4,GACAGcGT
G6P_WT_F_5,CAGcGTCC
G6P_mut_F_1,TTTGGACAGt
G6P_mut_F_2,TGGACAGtG
G6P_mut_F_4,GACAGtGT
G6P_mut_F3s,CAGtGTCC
G6P_mut_F6s,GtGTCCA
G6P_mut_F7,GtGTCCAT
G6P_WT_RC_1,AGTATGGACg
G6P_WT_RC_2,TATGGACgC
G6P_WT_RC_3,GGACgCTG
G6P_mut_RC_1,AGTATGGACa
G6P_mut_RC_2,GTATGGACaC
G6P_mut_RC_3,ATGGACaCTG
G6P_mut_RC_2s,ATGGACaC
G6P_mut_RC_3s,TGGACaCT
G6P_mut_RC_4,GGACaCTG
G6P_mut_RC_5,GACaCTGT
CFT_E23_WT_F1,CAACAGTGg
CFT_E23_WT_F2,AACAGTGgA
CFT_E23_WT_F3,CAGTGgAGG
CFT_E23_WT_F_1s,AACAGTGg
CFT_E23_WT_F_2s,ACAGTGgA
CFT_E23_WT_F_3s,AGTGgAGG
CFT_E23_WT_F_4,CAGTGgAG
CFT_E23_WT_F_5,GTGgAGGA
CFT_E23_mut_F1,CAACAGTGa
CFT_E23_mut_F2,ACAGTGaAG
CFT_E23_mut_F3,CAGTGaAGG
CFT_E23_mut_F4,AGTGaAGGA
CFT_E23_mut_F_1s,AACAGTGa
CFT_E23_mut_F_2s,CAGTGaAG
CFT_E23_mut_F_3s,AGTGaAGG
CFT_E23_mut_F_5,GTGaAGGA
CFT_E23_mut_F_4s,AACAGTGaA
CFT_E23_WT_RC_1,GCTTTCCTc
CFT_E23_WT_RC_2,GCTTTCCTcC
CFT_E23_WT_RC_3,TTCCTcCAC
CFT_E23_WT_RC_2s,CTTTCCTcC
CFT_E23_WT_RC_4,TTCCTcCA
CFT_E23_WT_RC_5,CCTcCACT
CFT_E23_mut_RC_1,GCTTTCCTt
CFT_E23_mut_RC_2,CTTTCCTtC
CFT_E23_mut_RC_3,TTCCTtCA
CFT_E23_mut_RC_4,TCCTtCACT
CFT_E23_mut_RC_5,TCCTtCAC
CFT_E23_mut_RC_4s,CCTtCACT
CFT_E23_mut_RC_6,CTtCACTG
BCK_E7_WT_RC_1,GAGTGCcC
BCK_E7_WT_RC_2,TGCcCCAG
BCK_E7_WT_RC_3,AGTGCcCC
BCK_E7_WT_RC_4,GCcCCAGG
BCK_E7_mut_RC_1,GCtCCAGG
BCK_E7_mut_RC_2,AGTGCtCC
BCK_E7_mut_RC_3,GTGCtCCA
BCK_E7_WT_F_1,GgGCACT
BCK_E7_WT_F_2,CTGGgGCA
BCK_E7_mut_F_1,TGGaGCAC
BCK_E7_mut_F_2,GGaGCACT
BCK_E7_mut_F_3,TTGCCTGGa
BCK_E7_WT_F3,GgGCACTC
BCK_E5_WT_F_1,CACTATCCg
BCK_E5_WT_F_2,CgGTCCC
BCK_E5_WT_F_3,CCgGTCC
BCK_E5_WT_F_4,ATCCgGTC
BCK_E5_WT_F_5,CTATCCgGT
BCK_E5_WT_F_6,ACTATCCgG
BCK_E5_WT_F_7,gGTCCCC
BCK_E5_mut_F_1,CACTATCCc
BCK_E5_mut_F_2,TATCCcGT
BCK_E5_mut_F_3,TCCcGTC
BCK_E5_mut_F_4,CCcGTCC
BCK_E5_mut_F_5,CTATCCcG
BCK_E5_mut_F_6,CcGTCCC
BCK_E5_WT_RC_2,GGGACcG
BCK_E5_WT_RC_3,GACcGGA
BCK_E5_WT_RC_4,GACcGGAT
BCK_E5_WT_RC_5,GGACcGG
BCK_E5_mut_RC_1,GGGGACg
BCK_E5_mut_RC_2,GGGACgG
BCK_E5_mut_RC_3,GACgGGA
BCK_E5_mut_RC_4,GGACgGG
BCK_E5_mut_RC_6,ACgGGATA
NEB_WT_F_1,GTTGTCTGC
NEB_WT_F_2,GTCTGCTTAT
NEB_WT_F_3,CAGCAATTCT
NEB_mut_F_1,TCATGCTGC
NEB_mut_F_2,CATGCTGCA
NEB_mut_F_3,ATGCTGCAG
NEB_mut_F_4,ccacgcag
NEB_mut_F5,cacgcag
NEB_mut_F6,gagcatac
NEB_mut_F7,cgcagga
NEB_mut_F8,GCCAGACAC
NEB_WT_RC_1,GAATTGCTGA
NEB_WT_RC_2,TAAGCAGACA
NEB_WT_RC_3,GCAGACAAC
NEB_mut_RC_1,GCTCACTGc
NEB_mut_RC_2,CTCACTGca
NEB_mut_RC_3,TCACTGcag
NEB_mut_RC_4,CCTGCGTG
NEB_mut_RC5,CGTGGGT
NEB_mut_RC6,GTATGCTC
NEB_mut_RC7,gagatgtg
NEB_mut_RC8,TCCTGCG
ASP_E7_WT_RC_1,GCCtCATT
ASP_E7_WT_RC_3,GCGGCCt
ASP_E7_WT_RC_5,CCtCATTCA
ASP_E7_WT_RC_2s,CCtCATTC
ASP_E7_WT_RC_4s,GCCtCAT
ASP_E7_mut_RC_1,CCgCATTC
ASP_E7_mut_RC_2,GCCgCATT
ASP_E7_mut_RC_3,CgCATTCA
ASP_E7_WT_RC3L,ATGCGGCCt
ASP_E7_WT_RC1La,GGCCtCATT
ASP_E7_WT_RC1Lb,CGGCCtCATT
ASP_E7_WT_RC5La,GCCtCATTCA
ASP_E7_WT_RC5Lb,GGCCtCATTCA
ASP_E7_WT_RC6,TGCGGCCt
ASP_E7_WT_RC7,ATGCGGCCt
ASP_E7_WT_F_1,TGTGAATGa
ASP_E7_WT_F_2,GTGAATGaG
ASP_E7_WT_F_3,TGAATGaGG
ASP_E7_mut_F_1s,GTGAATGc
ASP_E7_mut_F_3s,AATGcGG
ASP_E7_mut_F_4,AATGcGGC
ASP_E7_mut_F2s,GAATGcG
ASP_E7_WT_F4s,AATGaGGC
ASP_E7_WT_F3s,GAATGaGG
F11_E5_WT_RC_1,TGGCATTc
F11_E5_WT_RC_2,GGCATTcT
F11_E5_WT_RC_3,GGCATTcTT
F11_E5_WT_RC_4,GCATTcTTG
F11_E5_WT_RC_5,CATTcTTGA
F11_E5_WT_RC_6,ATTcTTGAG
F11_E5_mut_RC_1,TTGGCATTa
F11_E5_mut_RC_2,TGGCATTaT
F11_E5_mut_RC_3,GCATTaTTG
F11_E5_mut_RC_4,GGCATTaTT
F11_E5_mut_RC_5,CATTaTTGA
F11_E5_WT_F_1,TGCTCAAg
F11_E5_WT_F_2,GCTCAAgA
F11_E5_WT_F_3,CTCAAgAAT
F11_E5_WT_F_4,GCTCAAgAA
F11_E5_WT_F_5,TCAAgAATG
F11_E5_WT_F_6,CAAgAATGC
F11_E5_mut_F_1,TGCTCAAt
F11_E5_mut_F_2,GCTCAAtAA
F11_E5_mut_F_3,GCTCAAtAAT
F11_E5_mut_F_4,CTCAAtAATG
F11_E5_mut_F_5,TGCTCAAtA
F11_E5_mut_F_6,CAAtAATGC
F11_E14_WT_F_1,GCAAGgTA
F11_E14_WT_F_2,TTGCAAGg
F11_E14_WT_F_3,TGCAAGgT
F11_E14_WT_F_4,GCAAGgTAA
F11_E14_mut_F_1,GCAAGaTAA
F11_E14_mut_F_2,CAAGaTAACA
F11_E14_mut_F_3,TGCAAGaT
F11_E14_mut_F_4,TGCAAGaTA
F11_E14_mut_F_5,TTGCAAGa
F11_E14_mut_F_2L,GCAAGaTAAC
F11_E14_WT_R_1,CTCTGTTAc
F11_E14_WT_R_2,TCTGTTAcC
F11_E14_WT_R_3,CTGTTAcCT
F11_E14_WT_R_4,CTGTTAcCTT
F11_E14_mut_RC_1,CTCTGTTAt
F11_E14_mut_RC_2,TCTGTTAtC
F11_E14_mut_RC_3,TCTGTTAtCT
F11_E14_mut_RC_4,TTAtCTTGC
MCO_E4_WT_RC_1,CCAGGTACt
MCO_E4_WT_RC_2,CAGGTACtG
MCO_E4_WT_RC5,TACtGTGG
MCO_E4_WT_RC6,ACtGTGGG
MCO_E4_mut_RC_2,AGGTACcG
MCO_E4_mut_RC_3,GGTACcGT
MCO_E4_mut_RC_4,TACcGTGG
MCO_E4_mut_RC5,CcGTGGG
MCO_E4_mut_RC4s,ACcGTGG
MCO_E4_WT_F_1,GCCCACa
MCO_E4_WT_F_2,CCCACaGT
MCO_E4_WT_F_3,CCCACaGTA
MCO_E4_WT_F_4,GCCCACaG
MCO_E4_WT_F_5,CCACaGTA
MCO_E4_WT_F_6,CCACaGTAC
MCO_E4_WT_F7,ACaGTACC
MCO_E4_WT_F8,ACaGTACCT
MCO_E4_WT_F8s,CaGTACCT
MCO_E4_mut_F_1,GCCCACg
MCO_E4_mut_F_2,CCCACgG
MCO_E4_mut_F_3,CCACgGT
SMP_E6_WT_F_1,GGTTACCg
SMP_E6_WT_F_2,GTTACCgT
SMP_E6_WT_F_3,TTACCgTG
SMP_E6_WT_F_4,ACCgTGTG
SMP_E6_mut_F_1,GGTTACCt
SMP_E6_mut_F_2,GGTTACCtT
SMP_E6_mut_F_3,TTACCtTGT
SMP_E6_mut_F_4,TACCtTGTG
SMP_E6_WT_RC_1,GGTACACAc
SMP_E6_WT_RC_2,TACACAcG
SMP_E6_WT_RC_3,CACAcGG
SMP_E6_WT_RC_4,ACACAcGG
SMP_E6_mut_RC_1,TACACAaGG
SMP_E6_mut_RC_2,ACACAaGGT
SMP_E6_mut_RC_3,CACAaGGTA
SMP_E6_mut_RC_4,GGTACACAa
SMP_E6_mut_RC_2s,CACAaGGT
SMP_E6_mut_RC_5,ACAaGGTAA
SMP_E6_mut_RC_6,GTACACAaG
SMP_E6_WT_RC_1,GGTACACAc
SMP_E6_WT_RC_2,TACACAcG
SMP_E6_WT_RC_3,CACAcGG
SMP_E6_WT_RC_4,ACACAcGG
SMP_E6_mut_RC_1,TACACAaGG
SMP_E6_mut_RC_2,ACACAaGGT
SMP_E6_mut_RC_3,CACAaGGTA
SMP_E6_mut_RC_4,GGTACACAa
SMP_E6_mut_RC_2s,CACAaGGT
SMP_E6_mut_RC_5,ACAaGGTAA
SMP_E6_mut_RC_6,GTACACAaG
SMP_E2a_911_WT_F_1,ACAGCACt
SMP_E2a_911_WT_F_2,CAGCACtT
SMP_E2a_911_WT_F_3,AGCACtTG
SMP_E2a_911_WT_F_4,GCACtTGT
SMP_E2a_911_mut_F_1,ACAGCACc
SMP_E2a_911_mut_F_2,CAGCACcT
SMP_E2a_911_mut_F_3,AGCACcTG
SMP_E2a_911_mut_F_4,GCACcTGT
SMP_E2a_911_WT_RC_1,CCTCACAa
SMP_E2a_911_WT_RC_2,CTCACAaGT
SMP_E2a_911_WT_RC_3,TCACAaGTG
SMP_E2a_911_WT_RC_4,CCTCACAaG
SMP_E2a_911_WT_RC_5,ACAaGTGC
SMP_E2a_911_mut_RC_1,CCTCACAg
SMP_E2a_911_mut_RC_2,CTCACAgG
SMP_E2a_911_mut_RC_3,TCACAgGT
TME_E3_WT_RC_1,AAACAGGc
TME_E3_WT_RC_2,ACAGGcG
TME_E3_WT_RC_3,CAGGcGA
TME_E3_WT_RC_4,AGGcGAAT
TME_E3_mut_RC_1,AACAGGaG
TME_E3_mut_RC_2,ACAGGaGAA
TME_E3_mut_RC_3,AGGaGAATT
TME_E3_WT_F_5,CgCCTGT
TME_E3_WT_F_1,AGTAATTCg
TME_E3_WT_F_2,GTAATTCgC
TME_E3_WT_F_3,AATTCgCC
TME_E3_WT_F_4,TCgCCTG
TME_E3_mut_F_1,AAGTAATTCt
TME_E3_mut_F_2,AGTAATTCtC
TME_E3_mut_F_4,AATTCtCCT
TME_E3_mut_F3s,TAATTCtCC
F11_E9_WT_RC_1,CCCAAGAa
F11_E9_WT_RC_2,CCAAGAaAT
F11_E9_WT_RC_3,CAAGAaATC
F11_E9_WT_RC_4,CCCAAGAaA
F11_E9_mut_RC_1,CCCAAGAg
F11_E9_mut_RC_2,CCAAGAgA
F11_E9_mut_RC_3,CCAAGAgAT
F11_E9_mut_RC_4,CAAGAgATC
F11_E9_mut_RC_5,AAGAgATCA
F11_E9_mut_RC_6,AGAgATCAG
F11_E9_WT_F_1,ACACTGATt
F11_E9_WT_F_2,CACTGATtT
F11_E9_WT_F_3,ACTGATtTC
F11_E9_mut_F_1,ACACTGATc
F11_E9_mut_F_3,ACTGATcTC
F11_E9_mut_F5,TGATcTCTT
F11_E9_mut_F6,GATcTCTTG
MEF_E2_WT_F_1,AGCCCgA
MEF_E2_WT_F_2,GCCCgAG
MEF_E2_mut_F_1,GCCAGCCCc
MEF_E2_mut_F_2,CCAGCCCcA
MEF_E2_mut_F_3,AGCCCcAGG
MEF_E2_mut_F_4,CCAGCCCcAG
MEF_E2_WT_RC_1,CTcGGGC
MEF_E2_WT_RC_2,TcGGGCT
MEF_E2_WT_RC_3,CCGGCCTc
MEF_E2_WT_RC_4,CGGCCTcG
MEF_E2_mut_RC_1,GGCCTgGG
MEF_E2_mut_RC_2,CCGGCCTg
MEF_E2_mut_RC_3,CCGGCCTgG
TOR_E5_966_WT_RC_1,tggtgaac
TOR_E5_966_WT_RC_2,gtgaacAC
TOR_E5_966_WT_RC_3,tgaacACC
TOR_E5_966_WT_RC_4,aacACCGT
TOR_E5_966_mut_RC_1,gtaaACCG
TOR_E5_966_mut_RC_2,tagtaaACC
TOR_E5_966_mut_RC_3,cgtagtaaA
TOR_E5_966_mut_RC_4,cgtagtaaAC
TOR_E5_966_WT_F_1,Tgttcacc
TOR_E5_966_WT_F_2,gttcacca
TOR_E5_966_WT_F_3,gttcaccaa
TOR_E5_966_WT_F_4,ttcaccaag
TOR_E5_966_mut_F_1,GTttactacg
TOR_E5_966_mut_F_2,CGGTttact
TOR_E5_966_mut_F_3,CGGTttac
TOR_E5_966_mut_F_4,AACGGTtt
DLD_E9_WT_RC_1,ACTGAACc
DLD_E9_WT_RC_2,CTGAACcC
DLD_E9_WT_RC_3,CTGAACcCT
DLD_E9_WT_RC_4,TGAACcCTG
DLD_E9_WT_RC_5,AACcCTGC
DLD_E9_mut_RC_1,AACTGAACa
DLD_E9_mut_RC_2,CTGAACaC
DLD_E9_mut_RC_3,CTGAACaCT
DLD_E9_mut_RC_4,GAACaCTG
DLD_E9_mut_RC_3s,TGAACaCT
DLD_E9_WT_F_1,TTTGCAGg
DLD_E9_WT_F_2,GCAGgGTT
DLD_E9_WT_F_3,TTGCAGgG
DLD_E9_WT_F_4,CAGgGTTC
DLD_E9_mut_F_1,ATTTGCAGt
DLD_E9_mut_F_2,TTTGCAGtG
DLD_E9_mut_F_3,GCAGtGTTC
DLD_E9_mut_F_4,TTGCAGtGT
SER_E6_WT_F_1,ATCGACg
SER_E6_WT_F2s,GACgAGA
SER_E6_WT_F3s,ATCGACg
SER_E6_WT_F4s,TCGACgA
SER_E6_WT_F5,GACgAGAA
SER_E6_WT_F6,ACgAGAAA
SER_E6_mut_F_1,CGACaAGA
SER_E6_mut_F_2,CGACaAGAA
SER_E6_mut_F_3,CATCGACa
SER_E6_mut_F_4,ATCGACaA
SER_E6_mut_F_5,TCGACaAG
SER_E6_mut_F_6,GACaAGAAA
SER_E6_WT_RC_1,CCCTTTCTc
SER_E6_WT_RC_2,CTTTCTcGT
SER_E6_WT_RC_3,TTTCTcGTC
SER_E6_WT_RC_4,CTcGTCG
SER_E6_mut_RC_1,CCCTTTCTt
SER_E6_mut_RC_2,CTTTCTtGT
SER_E6_mut_RC_3,TCTtGTCG
SER_E6_mut_RC_4,CCTTTCTtG
LDL_E4_WT_F_2,TGATGGtg
LDL_E4_WT_F_3,GATGGtgg
LDL_E4_WT_F_4,GGtggcc
LDL_E4_mut_F_1,GTGATGGc
LDL_E4_mut_F_2,TGATGGcc
LDL_E4_WT_RC_1,GCCaccat
LDL_E4_WT_RC_2,CCaccatc
LDL_E4_WT_RC_5,GGGGCCac
LDL_E4_WT_RC_6,GGCCacca
LDL_E4_WT_RC_7,accatca
LDL_E4_WT_RC_8,accatcaca
LDL_E4_mut_RC_1,GCCAtcac
LDL_E4_mut_RC_2,GCCAtcaca
LDL_E4_mut_RC_3,GGCCAtca
LDL_E4_mut_RC_4,GGGCCAtc
LDL_E4_mut_RC_3s,GCCAtca
CFT_E21_WT_RC_1,TATCCACATc
CFT_E21_WT_RC_2,TCCACATcT
CFT_E21_WT_R_4,TCCACATcTA
CFT_E21_WT_R_5,ACATcTATG
CFT_E21_WT_R_6,CATcTATGC
CFT_E21_mut_RC_1,TATCCACATg
CFT_E21_mut_RC_2,TCCACATgT
CFT_E21_mut_RC_3s,CACATgTAT
CFT_E21_mut_RC_5,ACATgTATG
CFT_E21_mut_RC_6,CATgTATGC
CFT_E21_WT_F_1,TCCAGCATAg
CFT_E21_WT_F_2s,CAGCATAgA
CFT_E21_WT_F_3s,GCATAgATG
CFT_E21_WT_F_4s,GCATAgAT
CFT_E21_mut_F_1,TCCAGCATAc
CFT_E21_mut_F_2,CAGCATAcA
CFT_E21_mut_F_3,CAGCATAcAT
CFT_E21_mut_F1s,CAGCATAc
CFT_E21_mut_F3s,AGCATAcAT
CFT_E21_mut_F4,GCATAcATG
CFT_E21_mut_F5,CATAcATGT
CFT_E21_mut_F6,ATAcATGTG
TOR_E5_904_WT_RC_2,TCATctcCT
TOR_E5_904_WT_RC_4,TctcCTCA
TOR_E5_904_WT_R_5,CTCctcAG
TOR_E5_904_WT_R6s,CctcAGC
TOR_E5_904_mut_RC_1,GTCATCTCa
TOR_E5_904_mut_RC_2,TCATCTCag
TOR_E5_904_mut_RC_4,TCTCagcc
TOR_E5_904_mut_R_3s,TCTCagc
TOR_E5_904_WT_F_3,GCTGAGga
TOR_E5_904_mut_F_1,GGCTGAGa
TOR_E5_904_mut_F_2,GCTGAGat
TOR_E5_904_WT_F_6,TGAGgagat
TOR_E5_904_WT_F4s,GCTGAGg
GJB_E2_167_WT_RC1,GCTGCaGG
GJB_E2_167_WT_RC2,CTGCaGGG
GJB_E2_167_WT_RC3,CTGCaGGGT
GJB_E2_167_WT_RC4,TGCaGGGTG
GJB_E2_167_mut_RC1,GGCTGCg
GJB_E2_167_mut_RC2,GCTGCgG
GJB_E2_167_mut_RC3,TGCgGGT
GJB_E2_167_mut_RC3s,GCgGGT
GJB_E2_167_mut_RC4,GCgGGTG
GJB_E2_167_mut_RC5,CgGGTGT
GJB_E2_167_WT_F1,AACACCCt
GJB_E2_167_WT_F2,ACACCCtG
GJB_E2_167_WT_F3,CACCCtGC
GJB_E2_167_WT_F4,CCCtGCAG
GJB_E2_167_WT_F5,CCtGCAGC
GJB_E2_167_mut_F1,ACACCCg
GJB_E2_167_mut_F2,CACCCgC
GJB_E2_167_mut_F3,ACCCgCA
GJB_E2_167_mut_F4,ACCCgCAG
GJB_E2_167_mut_F5,CCgCAGC
GJB_E2_167_mut_F6,CgCAGCC
FAN_WT_RC_4,TTTTAAATACt
FAN_WT_RC_5,TTAAATACtC
FAN_mut_RC_2,AATACaCAC
FAN_mut_RC_4,TACaCACAT
FAN_mut_RC_1s,AAATACaCA
FAN_mut_RC_3s,TACaCACA
FAN_mut_RC_5,TTTAAATACa
FAN_mut_RC_6,TTAAATACaC
FAN_WT_RC_2s,AATACtCAC
FAN_WT_RC_3s,ATACtCACA
FAN_WT_F_1,AAAATGTGaG
FAN_WT_F_2,AATGTGaGT
FAN_WT_F_3,AATGTGaGTA
FAN_mut_F_1,AAATGTGtG
FAN_mut_F_2,AATGTGtGT
FAN_mut_F_3,TGTGtGTAT
FAN_mut_F4,TGTGtGTA
FAN_mut_F5,AAAATGTGt
FAN_mut_F6,GTGtGTATT
FAN_WT_F1s,CCTTAgCA
FAN_WT_F2s,AATGTGaGT
FAN_WT_F3s,ATGTGaGTA
FAN_WT_F4,TGTGaGTAT
FAN_WT_F5,GTGaGTATT
FAN_WT_F6,GTGaGTATTT
FAN_WT_F6s,TGaGTATTT
MCO_del_WT_RC_1,ACCTTGGC
MCO_del_WT_RC_2,CTGTGGGG
MCO_del_WT_RC_3,GGCAGAGTA
MCO_del_mut_RC_1,ACCACTGC
MCO_del_mut_RC5,GCTATGATC
MCO_del_mut_RC6,CACCACTG
MCO_del_mut_RC7,GAGCTATGA
MCO_del_mut_RC8,GATCACAC
MCO_del_mut_RC9,CACACCAC
MCO_Del_WT_RC4,CAAACGTG
MCO_Del_WT_RC5,ACGTGATC
MCO_Del_WT_RC6,ATCTGTGG
MCO_Del_WT_RC7,GCCAGTTG
MCO_Del_WT_RC8,GCAGAGTAA
MCO_del_WT_F_1,TGCCAAGG
MCO_del_WT_F_2,CCCCACAG
MCO_del_WT_F_3,TACTCTGCC
MCO_del_WT_F_4,CAACTGGC
MCO_del_mut_F5,GTGCAGT
MCO_del_mut_F6,AGTGGTGT
MCO_del_mut_F7,TAGCTCAC
MCO_del_mut_F8,CTCGACC
MCO_del_mut_F9,CTCCTGGG
MCO_del_WT_F4,CAACTGGC
MCO_del_WT_F5,CAGATCAC
MCO_del_WT_F6,CACGTTTG
MCO_del_WT_F7,ACAGATCAC
MCO_del_WT_F8,AGATCACG
GBA_E10_WT_F_1,ACCCTAGAa
GBA_E10_WT_F_2,CCTAGAaCC
GBA_E10_WT_F_3,AGAaCCTC
GBA_E10_WT_F_4,CCCTAGAaC
GBA_E10_mut_F_1,CCCTAGAg
GBA_E10_mut_F_2,TAGAgCCT
GBA_E10_mut_F_3,AGAgCCTC
GBA_E10_mut_F_4,CTAGAgCC
GBA_E10_WT_RC_1,AGGAGGtT
GBA_E10_WT_RC_2,GGAGGtTC
GBA_E10_WT_RC_3,GAGGtTCT
GBA_E10_WT_RC_4,GAGGtTCTA
GBA_E10_WT_RC_4s,AGGtTCTA
GBA_E10_WT_RC_5,AGGtTCTAG
GBA_E10_mut_RC_1,CAGGAGGc
GBA_E10_mut_RC_2,AGGAGGcT
GBA_E10_mut_RC_3,GAGGcTCT
GBA_E10_mut_RC_4,AGGcTCTA
MEF_E10_WT_RC_1,GCTTCCAa
MEF_E10_WT_RC_2,CTTCCAaC
MEF_E10_WT_RC_3,CTTCCAaCT
MEF_E10_WT_RC_4,TCCAaCTC
MEF_E10_mut_RC_1,GCTTCCAg
MEF_E10_mut_RC_2,CTTCCAgC
MEF_E10_mut_RC_3,CCAgCTCT
MEF_E10_WT_F1,CTACAGAGt
MEF_E10_WT_F2,TACAGAGtT
MEF_E10_WT_F3,ACAGAGtTG
MEF_E10_WT_F4,AGAGtTGG
MEF_E10_mut_F_1,TACAGAGc
MEF_E10_mut_F_2,ACAGAGcT
MEF_E10_mut_F_3,CAGAGcTG
MEF_E10_mut_F_4,AGAGcTGG
ASP_E6_WT_F_1,GTTGATTAcC
ASP_E6_WT_F_2,TGATTAcCC
ASP_E6_WT_F_3,AcCCCCG
ASP_E6_WT_F_4,AGTTGATTAc
ASP_E6_WT_F_5,TTAcCCCC
ASP_E6_WT_F_6,GATTAcCCC
ASP_E6_mut_F_1,GTTGATTAa
ASP_E6_mut_F_2,TGATTAaCC
ASP_E6_mut_F_3,TAaCCCCG
ASP_E6_mut_F_4,GTTGATTAaC
ASP_E6_mut_F_5,GATTAaCCC
ASP_E6_mut_F_6,TTAaCCCC
ASP_E6_WT_RC_1,CCGGGGg
ASP_E6_WT_RC_2,CGGGGgT
ASP_E6_WT_RC_3,CGGGGgTA
ASP_E6_WT_RC_4,GGGGgTAA
ASP_E6_WT_RC_5,GGGGgTAAT
ASP_E6_WT_RC_6,GGGgTAATC
ASP_E6_mut_RC_1,GGGGtTA
ASP_E6_mut_RC_2,GGGGtTAA
ASP_E6_mut_RC_3,GGGGtTAAT
ASP_E6_mut_RC_4,GGGtTAATC
ASP_E6_mut_RC_5,CCGGGGt
SMP_D_WT_F2La,GTGCCgC
SMP_D_WT_F2Lb,TGTGCCgC
SMP_D_WT_F3La,TGCCgCC
SMP_D_WT_F4La,GCCgCCA
SMP_D_WT_F4Lb,TGCCgCCA
SMP_D_WT_F5L,GCCgCCAC
SMP_D_WT_F2,TGCCgC
SMP_D_WT_F5,CCgCCAC
SMP_D_mut_F1,TGTGCCa
SMP_D_mut_F2,GTGCCaC
SMP_D_mut_F3,TGCCaCC
SMP_D_mut_F4,TGCCaCCT
SMP_D_WT_RC_1La,AGGTGGCg
SMP_D_WT_RC_1Lb,CAGGTGGCgg
SMP_D_WT_RC_2La,GGTGGCgg
SMP_D_WT_RC_2Lb,AGGTGGCgg
SMP_D_WT_RC_3La,GTGGCggC
SMP_D_WT_RC_3Lb,GGTGGCggC
SMP_D_WT_RC1,GGTGGCg
SMP_D_WT_RC2,GTGGCgg
SMP_D_WT_RC2s,TGGCgg
SMP_D_WT_RC3,TGGCggC
SMP_D_WT_RC5s,GCggCA
SMP_D_mut_RC1,GGTGGCa
SMP_D_mut_RC2,GTGGCac
SMP_D_mut_RC3,TGGCaca
CFT_E11_WT_F4,AAATATCATc
CFT_E11_WT_F5,AATATCATct
CFT_E11_WT_F6,TCATctttG
CFT_E11_WT_F7,CATctttGG
CFT_E11_WT_F8,TctttGGT
CFT_E11_WT_F9,ctttGGTG
CFT_E11_mut_F4,AAAATATCATt
CFT_E11_mut_F5,AATATCATtg
CFT_E11_mut_F6,TATCATtgg
CFT_E11_mut_F7,TCATtggT
CFT_E11_mut_F8,ATtggTGT
CFT_E11_WT_RC4,ACACCAAa
CFT_E11_WT_RC5,CACCAAag
CFT_E11_WT_RC6,ACCAAagat
CFT_E11_WT_RC7,CCAAagatG
CFT_E11_WT_RC8,AagatGATAT
CFT_E11_WT_RC9,agatGATATT
CFT_E11_mut_RC5,ACCAAtga
CFT_E11_mut_RC6,ACCAAtgat
CFT_E11_mut_RC7,CCAAtgatA
CFT_E11_mut_RC8,CCAAtgatAT
CFT_E11_mut_RC9,CAAtgatATT
PCD_E9_WT_RC_1,GTGGTTCg
PCD_E9_WT_RC_2,GGTTCgC
PCD_E9_WT_RC_3,GTTCgCC
PCD_E9_WT_RC_4,TCgCCTC
PCD_E9_mut_RC_1,GTGGTTCa
PCD_E9_mut_RC_2,TGGTTCaC
PCD_E9_mut_RC_3,GGTTCaCC
PCD_E9_mut_RC_4,GTTCaCCT
PCD_E9_WT_F_1,TGAGAGGc
PCD_E9_WT_F_2,AGAGGcG
PCD_E9_WT_F_3,GAGGcGA
PCD_E9_WT_F_4,GGcGAAC
PCD_E9_mut_F_1,TGAGAGGt
PCD_E9_mut_F_2,GAGAGGtG
PCD_E9_mut_F_3,AGAGGtGA
PCD_E9_mut_F_4,GAGGtGAA
PCD_E9_mut_F_2s,AGAGGtG
PCD_E9_mut_F_4s,AGGtGAA
PCD_E9_mut_F_5,AGGtGAAC
PCD_E9_mut_F_6,GGtGAACC
HEX_E12_WT_RC1,ACCCTTAc
HEX_E12_WT_RC2,CCTTAcCAG
HEX_E12_WT_RC3,CTTAcCAGA
HEX_E12_WT_RC4,TTAcCAGAG
HEX_E12_WT_RC5,CCCTTAcC
HEX_E12_WT_RC6,CCTTAcCA
HEX_E12_mut_RC1,ACCCTTAg
HEX_E12_mut_RC2,CCCTTAgC
HEX_E12_mut_RC3,CCTTAgCA
HEX_E12_mut_RC4,CTTAgCAG
HEX_E12_mut_RC5,CTTAgCAGA
HEX_E12_WT_F1,GCTCTGgT
HEX_E12_WT_F2,GCTCTGgTA
HEX_E12_WT_F3,CTCTGgTAA
HEX_E12_WT_F4,TCTGgTAAG
HEX_E12_WT_F5,TGgTAAGG
HEX_E12_mut_F1,CTCTGcTA
HEX_E12_mut_F2,CTCTGcTAA
HEX_E12_mut_F3,CTGcTAAG
HEX_E12_mut_F4,TGcTAAGG
